ID,Material,Grade,C,Mn,Si,P,S,Cr,Ni,Mo,V,Cu,Al,Nb,Ti,N,Co,Ta,B,Su,Sy,A5,Bhn,E,G,mu,Ro,HTC
D8894772B88F495093C43AF905AB6373,Steel SAE 1015,SAE1015,0.155,0.45,0,0.03,0.05,0,0,0,0,0,0,0,0,0,0,0,0,421,314,39,126,207000,79000,0.3,7860,AR
05982AC66F064F9EBC709E7A4164613A,Steel SAE 1015,SAE1015,0.155,0.45,0,0.03,0.05,0,0,0,0,0,0,0,0,0,0,0,0,424,324,37,121,207000,79000,0.3,7860,N
356D6E63FF9A49A3AB23BF66BAC85DC3,Steel SAE 1015,SAE1015,0.155,0.45,0,0.03,0.05,0,0,0,0,0,0,0,0,0,0,0,0,386,284,37,111,207000,79000,0.3,7860,A
1C758F8714AC4E0D9BD8D8AE1625AECD,Steel SAE 1020,SAE1020,0.2,0.45,0,0.03,0.05,0,0,0,0,0,0,0,0,0,0,0,0,448,331,36,143,207000,79000,0.3,7860,AR
DCE10036FC1946FC8C9108D598D116AD,Steel SAE 1020,SAE1020,0.2,0.45,0,0.03,0.05,0,0,0,0,0,0,0,0,0,0,0,0,441,346,35.8,131,207000,79000,0.3,7860,N
2EC038241908434FA714FEEBE24DDEFE,Steel SAE 1020,SAE1020,0.2,0.45,0,0.03,0.05,0,0,0,0,0,0,0,0,0,0,0,0,395,295,36.5,111,207000,79000,0.3,7860,A
356B183DD9E34A1C80A5028D43B9E149,Steel SAE 1022,SAE1022,0.22,0.7,0,0.03,0.05,0,0,0,0,0,0,0,0,0,0,0,0,503,359,35,149,207000,79000,0.3,7860,AR
95CB82FA86314D8490932A9E740744E3,Steel SAE 1022,SAE1022,0.22,0.7,0,0.03,0.05,0,0,0,0,0,0,0,0,0,0,0,0,483,359,34,143,207000,79000,0.3,7860,N
942333E2D11B4C2CA0B9DFD6D1CE38E0,Steel SAE 1022,SAE1022,0.22,0.7,0,0.03,0.05,0,0,0,0,0,0,0,0,0,0,0,0,450,317,35,137,207000,79000,0.3,7860,A
5E035DD0692F47E3A92EB298101AA124,Steel SAE 1030,SAE1030,0.3,0.75,0,0.03,0.05,0,0,0,0,0,0,0,0,0,0,0,0,552,345,32,179,207000,79000,0.3,7860,AR
8C9BE76E417841C3B821D4776B498039,Steel SAE 1030,SAE1030,0.3,0.75,0,0.03,0.05,0,0,0,0,0,0,0,0,0,0,0,0,517,345,32,149,207000,79000,0.3,7860,N
39E235137DD74F3CA35EA024AFD04964,Steel SAE 1030,SAE1030,0.3,0.75,0,0.03,0.05,0,0,0,0,0,0,0,0,0,0,0,0,464,341,31,126,207000,79000,0.3,7860,A
436484F7350147F7A2982D1410FB03CC,Steel SAE 1030,SAE1030,0.3,0.75,0,0.03,0.05,0,0,0,0,0,0,0,0,0,0,0,0,848,648,17,495,207000,79000,0.3,7860,TT
65BF7EFEEAE24296AC60198D15FCEFD6,Steel SAE 1040,SAE1040,0.4,0.75,0,0.03,0.05,0,0,0,0,0,0,0,0,0,0,0,0,621,414,25,201,207000,79000,0.3,7860,AR
E9134C5FCB8C41569B3B50315A4D13A5,Steel SAE 1040,SAE1040,0.4,0.75,0,0.03,0.05,0,0,0,0,0,0,0,0,0,0,0,0,590,374,28,170,207000,79000,0.3,7860,N
CEEFEC39D52C4CBC9FD7A599BF6E4078,Steel SAE 1040,SAE1040,0.4,0.75,0,0.03,0.05,0,0,0,0,0,0,0,0,0,0,0,0,519,353,30,149,207000,79000,0.3,7860,A
C3F57A34049943E98579CCEF761EE90D,Steel SAE 1040,SAE1040,0.4,0.75,0,0.03,0.05,0,0,0,0,0,0,0,0,0,0,0,0,779,593,19,262,207000,79000,0.3,7860,TT
6BB34C63B60749ADA2E4522BE8B284E2,Steel SAE 1050,SAE1050,0.5,0.75,0,0.03,0.05,0,0,0,0,0,0,0,0,0,0,0,0,724,414,20,229,207000,79000,0.3,7860,AR
5D7646BB490A4A41A0C059C46224189F,Steel SAE 1050,SAE1050,0.5,0.75,0,0.03,0.05,0,0,0,0,0,0,0,0,0,0,0,0,748,427,20,217,207000,79000,0.3,7860,N
4DD78B764534417698C437FBECD1B914,Steel SAE 1050,SAE1050,0.5,0.75,0,0.03,0.05,0,0,0,0,0,0,0,0,0,0,0,0,636,365,23.7,187,207000,79000,0.3,7860,A
60F13C35666C4904BB693C60FFC8297E,Steel SAE 1050,SAE1050,0.5,0.75,0,0.03,0.05,0,0,0,0,0,0,0,0,0,0,0,0,979,724,14,321,207000,79000,0.3,7860,TTT
EC7B0B89340448B2A2A9AA29CC77DFB8,Steel SAE 1060,SAE1060,0.6,0.75,0,0.03,0.05,0,0,0,0,0,0,0,0,0,0,0,0,814,483,17,241,207000,79000,0.3,7860,AR
EDF9BFB1E0D14FADAAFE02B8B7157D69,Steel SAE 1060,SAE1060,0.6,0.75,0,0.03,0.05,0,0,0,0,0,0,0,0,0,0,0,0,776,421,18,229,207000,79000,0.3,7860,N
2A8B4A39AA164951BF57C49A2FD5A8C0,Steel SAE 1060,SAE1060,0.6,0.75,0,0.03,0.05,0,0,0,0,0,0,0,0,0,0,0,0,626,372,22.5,179,207000,79000,0.3,7860,A
51BB6C68630743439C326AAF86EA0D7C,Steel SAE 1060,SAE1060,0.6,0.75,0,0.03,0.05,0,0,0,0,0,0,0,0,0,0,0,0,1103,779,13,321,207000,79000,0.3,7860,TTT
677DEA95360F4ED08E9D8BA76BD75254,Steel SAE 1080,SAE1080,0.8,0.85,0,0.03,0.05,0,0,0,0,0,0,0,0,0,0,0,0,965,586,12,293,207000,79000,0.3,7860,AR
E675A2F2E21E40B8830C1B3F23114D89,Steel SAE 1080,SAE1080,0.8,0.85,0,0.03,0.05,0,0,0,0,0,0,0,0,0,0,0,0,1010,524,11,293,207000,79000,0.3,7860,N
4D3E61A5DD21432FA051902D9F8B4567,Steel SAE 1080,SAE1080,0.8,0.85,0,0.03,0.05,0,0,0,0,0,0,0,0,0,0,0,0,615,376,24.7,174,207000,79000,0.3,7860,A
CE4812A480FD405E8E0DAA0516695E81,Steel SAE 1080,SAE1080,0.8,0.85,0,0.03,0.05,0,0,0,0,0,0,0,0,0,0,0,0,1303,979,12,388,207000,79000,0.3,7860,TTT
683B75ED3E71416BA59C281AA8342B0A,Steel SAE 1095,SAE1095,0.95,0.45,0,0.03,0.05,0,0,0,0,0,0,0,0,0,0,0,0,965,572,9,293,207000,79000,0.3,7860,AR
5624C3966397415184BEEE0B6D6EEF68,Steel SAE 1095,SAE1095,0.95,0.45,0,0.03,0.05,0,0,0,0,0,0,0,0,0,0,0,0,1014,500,9.5,293,207000,79000,0.3,7860,N
388DD3EB93E1425BACFFD7A927F1E4B1,Steel SAE 1095,SAE1095,0.95,0.45,0,0.03,0.05,0,0,0,0,0,0,0,0,0,0,0,0,657,379,13,192,207000,79000,0.3,7860,A
18E85A7791694976A24C8E052BD13769,Steel SAE 1095,SAE1095,0.95,0.45,0,0.03,0.05,0,0,0,0,0,0,0,0,0,0,0,0,1289,827,10,401,207000,79000,0.3,7860,TT
76D2C71250F34F3BB4E20D9795D8FDF9,Steel SAE 1117,SAE1117,0.17,1,0,0.04,0.115,0,0,0,0,0,0,0,0,0,0,0,0,487,305,33,143,207000,79000,0.3,7860,AR
8F59F91D01774EAD9862D688E8862F62,Steel SAE 1117,SAE1117,0.17,1,0,0.04,0.115,0,0,0,0,0,0,0,0,0,0,0,0,467,303,33.5,137,207000,79000,0.3,7860,N
5412CBE18E014D6CA2349F98FDCB7CF1,Steel SAE 1117,SAE1117,0.17,1,0,0.04,0.115,0,0,0,0,0,0,0,0,0,0,0,0,429,279,32.8,121,207000,79000,0.3,7860,A
B31ADD3ACE6D429EAED969BF1A48FCE8,Steel SAE 1118,SAE1118,0.18,1,0,0.04,0.115,0,0,0,0,0,0,0,0,0,0,0,0,521,316,32,149,207000,79000,0.3,7860,AR
14E4B51BED3342A7936E3D09E5E5B406,Steel SAE 1118,SAE1118,0.18,1,0,0.04,0.115,0,0,0,0,0,0,0,0,0,0,0,0,477,319,33.5,143,207000,79000,0.3,7860,N
AEFFF966ED4E441BB320C8A8A4365FFA,Steel SAE 1118,SAE1118,0.18,1,0,0.04,0.115,0,0,0,0,0,0,0,0,0,0,0,0,450,284,34.5,131,207000,79000,0.3,7860,A
CF27002A1B9448539D2074C9C99A411A,Steel SAE 1137,SAE1137,0.37,1.35,0,0.04,0.115,0,0,0,0,0,0,0,0,0,0,0,0,627,379,28,192,207000,79000,0.3,7860,AR
B9823642AF7E4A239F39B049736B33CF,Steel SAE 1137,SAE1137,0.37,1.35,0,0.04,0.115,0,0,0,0,0,0,0,0,0,0,0,0,669,396,22.5,197,207000,79000,0.3,7860,N
F9E819061E7A4AC799912C9C718136E0,Steel SAE 1137,SAE1137,0.37,1.35,0,0.04,0.115,0,0,0,0,0,0,0,0,0,0,0,0,584,345,26.8,174,207000,79000,0.3,7860,A
4955B1FBC76643B0A1C62062B4DDDEEB,Steel SAE 1137,SAE1137,0.37,1.35,0,0.04,0.115,0,0,0,0,0,0,0,0,0,0,0,0,1082,938,5,352,207000,79000,0.3,7860,TT
B0802701EBB749C9AE296C2ACFA172FE,Steel SAE 1141,SAE1141,0.41,1.45,0,0.04,0.115,0,0,0,0,0,0,0,0,0,0,0,0,676,359,22,192,207000,79000,0.3,7860,AR
55104F2A46594921B7EA1A69A87AB996,Steel SAE 1141,SAE1141,0.41,1.45,0,0.04,0.115,0,0,0,0,0,0,0,0,0,0,0,0,707,405,22.7,201,207000,79000,0.3,7860,N
53A2EC1C4EA24F5AB1E229C4D9E61828,Steel SAE 1141,SAE1141,0.41,1.45,0,0.04,0.115,0,0,0,0,0,0,0,0,0,0,0,0,598,353,25.5,163,207000,79000,0.3,7860,A
F013E5DB6E4247368996B896F7B42124,Steel SAE 1141,SAE1141,0.41,1.45,0,0.04,0.115,0,0,0,0,0,0,0,0,0,0,0,0,1634,1213,6,461,207000,79000,0.3,7860,TT
E766C49F05B941258F0D26D634F9B09C,Steel SAE 1144,SAE1144,0.44,1.45,0,0.04,0.325,0,0,0,0,0,0,0,0,0,0,0,0,703,421,21,212,207000,79000,0.3,7860,AR
A6957B64C23249A9B9098108B8822ABD,Steel SAE 1144,SAE1144,0.44,1.45,0,0.04,0.325,0,0,0,0,0,0,0,0,0,0,0,0,667,400,21,197,207000,79000,0.3,7860,N
70DFA279BC8646BB9186C383AC15A1B7,Steel SAE 1144,SAE1144,0.44,1.45,0,0.04,0.325,0,0,0,0,0,0,0,0,0,0,0,0,584,346,24.8,167,207000,79000,0.3,7860,A
1EA0C63CE8E646B48BDD0A2CEB4F84AD,Steel SAE 1144,SAE1144,0.44,1.45,0,0.04,0.325,0,0,0,0,0,0,0,0,0,0,0,0,876,627,17,277,207000,79000,0.3,7860,TT
DD26C8179B3E480496DF925718220483,Steel SAE 1340,SAE1340,0.405,1.75,0.25,0.035,0.04,0,0,0,0,0,0,0,0,0,0,0,0,836,558,22,248,207000,79000,0.3,7860,N
279530D698244B6A8D45448148B661C9,Steel SAE 1340,SAE1340,0.405,1.75,0.25,0.035,0.04,0,0,0,0,0,0,0,0,0,0,0,0,703,436,25.5,207,207000,79000,0.3,7860,A
D39EB1FD3E0241B599A4E47F81CFAA23,Steel SAE 1340,SAE1340,0.405,1.75,0.25,0.035,0.04,0,0,0,0,0,0,0,0,0,0,0,0,1806,1593,11,505,207000,79000,0.3,7860,TT
62DAD57F176D4491BCBF13927AB5486D,Steel SAE 3140,SAE3140,0.405,0.75,0.275,0.03,0.04,0,1.35,0,0,0,0,0,0,0,0,0,0,891,600,19.7,262,207000,79000,0.3,7860,N
849657544E284411BDFD5159978EE22F,Steel SAE 3140,SAE3140,0.405,0.75,0.275,0.03,0.04,0,1.35,0,0,0,0,0,0,0,0,0,0,689,422,24.5,197,207000,79000,0.3,7860,A
EF66164C6CFE430B937654F70E12D7EC,Steel SAE 4037,SAE4037,0.37,0.8,0.275,0.03,0.04,0,0.25,0.225,0,0,0,0,0,0,0,0,0,1027,758,6,310,207000,79000,0.3,7860,TT
1351D7DC9B18472F95F575337A1358B6,Steel SAE 4042,SAE4042,0.42,0.8,0.275,0.03,0.04,0,0.25,0.225,0,0,0,0,0,0,0,0,0,1800,1662,12,516,207000,79000,0.3,7860,TT
E20EC626F1E841248C34272843C62F7B,Steel SAE 4130,SAE4130,0.3,0.525,0.275,0.025,0.025,0.9,0,0.2,0,0,0,0,0,0,0,0,0,669,436,25.5,197,207000,79000,0.3,7860,N
99C77C3670B54339B60D684BA6E81764,Steel SAE 4130,SAE4130,0.3,0.525,0.275,0.025,0.025,0.9,0,0.2,0,0,0,0,0,0,0,0,0,560,360,28.2,156,207000,79000,0.3,7860,A
8638842ED9F44FA2AD535A9429DE4BB3,Steel SAE 4130,SAE4130,0.3,0.525,0.275,0.025,0.025,0.9,0,0.2,0,0,0,0,0,0,0,0,0,1627,1462,10,467,207000,79000,0.3,7860,TT
676EAF141CD24D92A7C598DFB07ADD96,Steel SAE 4140,SAE4140,0.4,0.875,0.275,0.025,0.025,0.95,0,0.2,0,0,0,0,0,0,0,0,0,1020,655,17.7,302,207000,79000,0.3,7860,N
F9992EBE68824E398334E26710CE817F,Steel SAE 4140,SAE4140,0.4,0.875,0.275,0.025,0.025,0.95,0,0.2,0,0,0,0,0,0,0,0,0,655,417,25.7,197,207000,79000,0.3,7860,A
A7414D9AC1834478929B86F5EA58628D,Steel SAE 4140,SAE4140,0.4,0.875,0.275,0.025,0.025,0.95,0,0.2,0,0,0,0,0,0,0,0,0,1772,1641,8,510,207000,79000,0.3,7860,TT
0CAC547704BE468E93FC049EC957CCBA,Steel SAE 4150,SAE4150,0.5,0.875,0.275,0.025,0.025,0.95,0,0.2,0,0,0,0,0,0,0,0,0,1155,734,11.7,321,207000,79000,0.3,7860,N
76B0AE8D9FC84B19B8C9777F23F7535C,Steel SAE 4150,SAE4150,0.5,0.875,0.275,0.025,0.025,0.95,0,0.2,0,0,0,0,0,0,0,0,0,729,379,20.2,197,207000,79000,0.3,7860,A
0A6487FACA444912BA9AD9187C817B9C,Steel SAE 4150,SAE4150,0.5,0.875,0.275,0.025,0.025,0.95,0,0.2,0,0,0,0,0,0,0,0,0,1931,1724,10,530,207000,79000,0.3,7860,TT
900569479B7A433ABE2D53767A0878F2,Steel SAE 4320,SAE4320,0.2,0.55,0.275,0.025,0.025,0.55,1.825,0.25,0,0,0,0,0,0,0,0,0,793,464,20.8,235,207000,79000,0.3,7860,N
77BFFA21FE4744069205BF8C549141D0,Steel SAE 4320,SAE4320,0.2,0.55,0.275,0.025,0.025,0.55,1.825,0.25,0,0,0,0,0,0,0,0,0,579,425,29,163,207000,79000,0.3,7860,A
689FB068F4FA47B2B368C374BFC50C29,Steel SAE 4340,SAE4340,0.4,0.7,0.275,0.025,0.025,0.8,1.825,0.25,0,0,0,0,0,0,0,0,0,1279,862,12.2,363,207000,79000,0.3,7860,N
51C972EA2EF04A728F9F537C74F69671,Steel SAE 4340,SAE4340,0.4,0.7,0.275,0.025,0.025,0.8,1.825,0.25,0,0,0,0,0,0,0,0,0,745,472,22,217,207000,79000,0.3,7860,A
40312809F59B4904AE2865372AD4C1F5,Steel SAE 4340,SAE4340,0.4,0.7,0.275,0.025,0.025,0.8,1.825,0.25,0,0,0,0,0,0,0,0,0,1875,1675,10,520,207000,79000,0.3,7860,TT
642039B632684DBB8C35AB46B2B30047,Steel SAE 4620,SAE4620,0.2,0.525,0.275,0.025,0.025,0,1.825,0.25,0,0,0,0,0,0,0,0,0,574,366,29,174,207000,79000,0.3,7860,N
1A42AEA1CB5F426E8C626FFC15F9C53A,Steel SAE 4620,SAE4620,0.2,0.525,0.275,0.025,0.025,0,1.825,0.25,0,0,0,0,0,0,0,0,0,512,372,31.3,149,207000,79000,0.3,7860,A
86D694E8101348BEB38DD49AC88C20A3,Steel SAE 4820,SAE4820,0.2,0.7,0.275,0.025,0.025,0,3.5,0.25,0,0,0,0,0,0,0,0,0,755,484,24,229,207000,79000,0.3,7860,N
B46E961340E14196B2580DEBF16E0369,Steel SAE 4820,SAE4820,0.2,0.7,0.275,0.025,0.025,0,3.5,0.25,0,0,0,0,0,0,0,0,0,681,464,22.3,197,207000,79000,0.3,7860,A
4DA8385C719D4A69826B2611122C2C1A,Steel SAE 5046,SAE5046,0.46,0.875,0.275,0.025,0.025,0.8,0,0,0,0,0,0,0,0,0,0,0,1744,1407,9,482,207000,79000,0.3,7860,TT
DF94587BEC0E447E89452D80240483C5,Steel SAE 5130,SAE5130,0.3,0.875,0.275,0.025,0.025,0.85,0,0,0,0,0,0,0,0,0,0,0,1613,1517,10,475,207000,79000,0.3,7860,TT
EFD90FA98D684823B2FE7D7E03959C7A,Steel SAE 5140,SAE5140,0.4,0.875,0.275,0.025,0.025,0.85,0,0,0,0,0,0,0,0,0,0,0,793,472,22.7,229,207000,79000,0.3,7860,N
93C8A8F26610442C9E6E373AF55A4FBE,Steel SAE 5140,SAE5140,0.4,0.875,0.275,0.025,0.025,0.85,0,0,0,0,0,0,0,0,0,0,0,572,293,28.6,167,207000,79000,0.3,7860,A
48166F06C0144B878E9104A65AC6F831,Steel SAE 5140,SAE5140,0.4,0.875,0.275,0.025,0.025,0.85,0,0,0,0,0,0,0,0,0,0,0,1793,1641,9,490,207000,79000,0.3,7860,TT
E84590929F054F399D4B890715AA82DB,Steel SAE 5150,SAE5150,0.5,0.875,0.275,0.025,0.025,0.85,0,0,0,0,0,0,0,0,0,0,0,870,529,20.7,255,207000,79000,0.3,7860,N
C3EA5AD0DAE341A6AB3B8CD6EC191D50,Steel SAE 5150,SAE5150,0.5,0.875,0.275,0.025,0.025,0.85,0,0,0,0,0,0,0,0,0,0,0,676,357,22,197,207000,79000,0.3,7860,A
59714293436F4E3AAFB6C7C21BCB8D6A,Steel SAE 5150,SAE5150,0.5,0.875,0.275,0.025,0.025,0.85,0,0,0,0,0,0,0,0,0,0,0,1944,1731,5,525,207000,79000,0.3,7860,TT
C500FBB2FE424BD6A5C3804013E041E4,Steel SAE 5160,SAE5160,0.6,0.875,0.275,0.025,0.025,0.85,0,0,0,0,0,0,0,0,0,0,0,957,531,17.5,269,207000,79000,0.3,7860,N
23FDAACF3EE5449195F65F16F609D4D6,Steel SAE 5160,SAE5160,0.6,0.875,0.275,0.025,0.025,0.85,0,0,0,0,0,0,0,0,0,0,0,722,276,17.2,197,207000,79000,0.3,7860,A
D7C18C6812084E65B3E2719ECC60765C,Steel SAE 5160,SAE5160,0.6,0.875,0.275,0.025,0.025,0.85,0,0,0,0,0,0,0,0,0,0,0,2220,1793,4,627,207000,79000,0.3,7860,TT
995316D125324A8E8A692E5E13334E99,Steel SAE 6150,SAE6150,0.5,0.8,0.275,0.025,0.025,0.9,0,0,0.175,0,0,0,0,0,0,0,0,939,615,21.8,269,207000,79000,0.3,7860,N
C66C891B7F304727A2A4BF6AC6BB527B,Steel SAE 6150,SAE6150,0.5,0.8,0.275,0.025,0.025,0.9,0,0,0.175,0,0,0,0,0,0,0,0,667,412,23,197,207000,79000,0.3,7860,A
59CA95AEB9D94C1EAAAD627C601EE5AE,Steel SAE 6150,SAE6150,0.5,0.8,0.275,0.025,0.025,0.9,0,0,0.175,0,0,0,0,0,0,0,0,1931,1689,8,538,207000,79000,0.3,7860,TT
2E4BC847E6B54D21BC69AD30393DCFEE,Steel SAE 8620,SAE8620,0.2,0.8,0.275,0.025,0.025,0.5,0.55,0.2,0,0,0,0,0,0,0,0,0,633,357,26.3,183,207000,79000,0.3,7860,N
8F16966CB0284A36BAFD4E01AAC804F9,Steel SAE 8620,SAE8620,0.2,0.8,0.275,0.025,0.025,0.5,0.55,0.2,0,0,0,0,0,0,0,0,0,536,385,31.3,149,207000,79000,0.3,7860,A
52B681AD628C42C88D4E60ED8D4307A9,Steel SAE 8630,SAE8630,0.3,0.8,0.275,0.025,0.025,0.5,0.55,0.2,0,0,0,0,0,0,0,0,0,650,429,23.5,187,207000,79000,0.3,7860,N
EC86DACF22434C808E85D14845FA25F3,Steel SAE 8630,SAE8630,0.3,0.8,0.275,0.025,0.025,0.5,0.55,0.2,0,0,0,0,0,0,0,0,0,564,372,29,156,207000,79000,0.3,7860,A
FF15759DE83F481EB447ED12A677851D,Steel SAE 8630,SAE8630,0.3,0.8,0.275,0.025,0.025,0.5,0.55,0.2,0,0,0,0,0,0,0,0,0,1641,1503,9,465,207000,79000,0.3,7860,TT
D18C57467E3D439EA62473DC3D8DB6BA,Steel SAE 8640,SAE8640,0.4,0.8,0.275,0.025,0.025,0.5,0.55,0.2,0,0,0,0,0,0,0,0,0,1862,1669,10,505,207000,79000,0.3,7860,TT
C863DF7515C14B09922C8387B8C52638,Steel SAE 8650,SAE8650,0.5,0.8,0.275,0.025,0.025,0.5,0.55,0.2,0,0,0,0,0,0,0,0,0,1024,688,14,302,207000,79000,0.3,7860,N
5CBE1648872F4095BBE8A4464F646437,Steel SAE 8650,SAE8650,0.5,0.8,0.275,0.025,0.025,0.5,0.55,0.2,0,0,0,0,0,0,0,0,0,715,386,22.5,212,207000,79000,0.3,7860,A
0DB6991D187947A39B15B06AB9FEEB79,Steel SAE 8650,SAE8650,0.5,0.8,0.275,0.025,0.025,0.5,0.55,0.2,0,0,0,0,0,0,0,0,0,1937,1675,10,525,207000,79000,0.3,7860,TT
D15269446FEB40C29A5E661991D4DBB0,Steel SAE 8660,SAE8660,0.6,0.8,0.275,0.025,0.025,0.5,0.55,0.2,0,0,0,0,0,0,0,0,0,1634,1551,13,460,207000,79000,0.3,7860,TTTT
B75417F6D216424D9AF09771B2C39A85,Steel SAE 8740,SAE8740,0.4,0.8,0.275,0.025,0.025,0.5,0.55,0.5,0,0,0,0,0,0,0,0,0,929,607,16,269,207000,79000,0.3,7860,N
32D908D930EC4DA3889F7D26D7E72E31,Steel SAE 8740,SAE8740,0.4,0.8,0.275,0.025,0.025,0.5,0.55,0.5,0,0,0,0,0,0,0,0,0,695,415,22.2,201,207000,79000,0.3,7860,A
0B638593127147AAB0EA387D1DFCC653,Steel SAE 8740,SAE8740,0.4,0.8,0.275,0.025,0.025,0.5,0.55,0.5,0,0,0,0,0,0,0,0,0,1999,1655,10,578,207000,79000,0.3,7860,TT
ACEBB80CDC354F8BBF91798E38C663BF,Steel SAE 9255,SAE9255,0.55,0.8,1.6,0.025,0.025,0,0,0,0,0,0,0,0,0,0,0,0,933,579,19.7,269,207000,79000,0.3,7860,N
98B29985B2BF47A8BDB224B16BFCEBDD,Steel SAE 9255,SAE9255,0.55,0.8,1.6,0.025,0.025,0,0,0,0,0,0,0,0,0,0,0,0,774,486,21.7,229,207000,79000,0.3,7860,A
AB075783A9CC46C7A8F374F08BBB7357,Steel SAE 9255,SAE9255,0.55,0.8,1.6,0.025,0.025,0,0,0,0,0,0,0,0,0,0,0,0,2103,2048,1,601,207000,79000,0.3,7860,TT
85C5BB31FDEC427E8300403ED6E64D9C,Steel SAE 9260,SAE9260,0.6,0.85,1.95,0.025,0.025,0,0,0,0,0,0,0,0,0,0,0,0,1758,1503,8,470,207000,79000,0.3,7860,TTTT
05FFFC93A5EB4E2A954734D2738D4CB8,Steel SAE 9310,SAE9310,0.1,0.55,0.275,0.025,0.025,1.2,3.375,0.125,0,0,0,0,0,0,0,0,0,907,571,18.8,269,207000,79000,0.3,7860,N
985D533CFF4B4019B57BE92CB46A9C2C,Steel SAE 9310,SAE9310,0.1,0.55,0.275,0.025,0.025,1.2,3.375,0.125,0,0,0,0,0,0,0,0,0,820,440,17.3,241,207000,79000,0.3,7860,A
51B16BB19AD34DAA92DD3659C2FDB3F8,Steel SAE 30301,SAE30301,0.1,1,0.5,0.023,0.015,17,7,0,0,0,0,0,0,0.05,0,0,0,758,276,60,165,193000,743000,0.3,8030,A
0517E01F31F644EAB31FCB2999A64AC3,Steel SAE 30302,SAE30302,0.1,1,0.5,0.023,0.015,18,9,0,0,0,0,0,0,0.05,0,0,0,621,255,55,155,193000,743000,0.3,8030,A
8FC17E7034DB4529A188DB7DC6720D73,Steel SAE 30302B,SAE30302B,0.15,2,3,0.045,0.03,18,9,0,0,0,0,0,0,0,0,0,0,655,276,50,165,193000,743000,0.3,8030,A
6CCBB0F496D64C6EA71B2E75C76FA0F5,Steel SAE 30303,SAE30303,0.1,1,0.5,0.023,0.25,18,9,0,0,0,0,0,0,0.05,0,0,0,621,241,50,160,193000,743000,0.3,8030,A
6E889E820D974516A9CF03B271A6C03E,Steel SAE 30304,SAE30304,0.04,1,0.5,0.023,0.015,18,9,0,0,0,0,0,0,0.05,0,0,0,586,241,55,150,193000,743000,0.3,8030,A
BC6CFCE37E9B4DA0B864F2FB40722808,Steel SAE 30304L,SAE30304L,0.02,1,0.5,0.023,0.015,18,9,0,0,0,0,0,0,0.05,0,0,0,552,207,55,140,193000,743000,0.3,8030,A
373B847B50794DA990E9FBADAFB020CD,Steel SAE 30305,SAE30305,0.06,1,0.5,0.023,0.015,18,12,0,0,0,0,0,0,0.05,0,0,0,586,255,55,156,193000,743000,0.3,8030,A
FDAA4C64583B482C801BA7EE173FD876,Steel SAE 30308,SAE30308,0.08,2,1,0.045,0.03,20,11,0,0,0,0,0,0,0,0,0,0,586,241,55,150,193000,743000,0.3,8030,A
AE5E236D6CD94CEA887FB09A4669D04B,Steel SAE 30309,SAE30309,0.1,1,0.5,0.023,0.015,23,13.5,0,0,0,0,0,0,0.05,0,0,0,621,276,45,165,193000,743000,0.3,8030,A
BC2959E1EF8C408EA2F6D02DD321BFE8,Steel SAE 30310,SAE30310,0.1,1,0.5,0.023,0.015,25.5,21,0,0,0,0,0,0,0.05,0,0,0,655,276,45,170,193000,743000,0.3,8030,A
7387DCA5E54C41EDBF5501E86C56DCAF,Steel SAE 30314,SAE30314,0.25,2,2.25,0.045,0.03,24.5,20.5,0,0,0,0,0,0,0,0,0,0,689,345,45,170,193000,743000,0.3,8030,A
03A4FAFAA2354ABBA7C8AA7225DDD6C6,Steel SAE 30316,SAE30316,0.04,1,0.5,0.023,0.015,17,12,2.5,0,0,0,0,0,0.05,0,0,0,586,241,55,150,193000,743000,0.3,8030,A
795E6C75AF4C48EDA86F32FDC34DA73D,Steel SAE 30316L,SAE30316L,0.02,1,0.5,0.023,0.015,17,12,2.5,0,0,0,0,0,0.05,0,0,0,538,207,55,145,193000,743000,0.3,8030,A
5E210758EF6941ED925F476D4D0E1D1C,Steel SAE 30317,SAE30317,0.05,1,0.5,0.023,0.015,18.5,13.5,3.5,0,0,0,0,0,0.05,0,0,0,621,276,50,160,193000,743000,0.3,8030,A
A1E7F46F815F4E4FAE46A7231BB5099D,Steel SAE 30321,SAE30321,0.04,1,0.5,0.023,0.015,18,10.5,0,0,0,0,0,0.4,0.05,0,0,0,600,241,55,150,193000,743000,0.3,8030,A
C82FBBCDC40E4B2CB87AA5D1B4333084,Steel SAE 30347,SAE30347,0.04,1,0.5,0.023,0.015,18,10.5,0,0,0,0,0.5,0,0.05,0,0,0,634,241,50,160,193000,743000,0.3,8030,A
D6F2306ABB324C57A10425AA5F95B3A9,Steel SAE 30348,SAE30348,0.08,2,0.75,0.045,0.03,18,11,0,0,0,0,0.9,0,0,0.2,0.1,0,634,241,50,160,193000,743000,0.3,8030,A
9BB2104B1A754907AD9BA3021C49F1C7,Steel SAE 51403,SAE51403,0.125,0.5,0.5,0.02,0.015,12.25,0,0,0,0,0,0,0,0,0,0,0,517,276,30,155,200000,769000,0.3,8030,A
C6E2E39527334C8E894612FC38DCBC0E,Steel SAE 51403,SAE51403,0.125,0.5,0.5,0.02,0.015,12.25,0,0,0,0,0,0,0,0,0,0,0,1310,1000,15,390,200000,769000,0.3,8030,TT
823FEBE6673A4112996EE5B4F5AB5DD7,Steel SAE 51405,SAE51405,0.04,0.5,0.5,0.02,0.015,13,0,0,0,0,0.15,0,0,0,0,0,0,483,276,30,150,200000,769000,0.3,8030,A
80978696C32542F782EBAAEF63DF6C2B,Steel SAE 51410,SAE51410,0.1,0.5,0.5,0.02,0.015,12.75,0,0,0,0,0,0,0,0,0,0,0,517,276,30,155,200000,769000,0.3,8030,A
4B8B7D0FFB4940A999524B05A37F4FE9,Steel SAE 51410,SAE51410,0.1,0.5,0.5,0.02,0.015,12.75,0,0,0,0,0,0,0,0,0,0,0,1310,1000,15,390,200000,769000,0.3,8030,TT
0F4ED5D8DDDA49878B98737B31EE7704,Steel SAE 51414,SAE51414,0.15,1,1,0.04,0.03,12.5,1.88,0,0,0,0,0,0,0,0,0,0,827,655,17,235,200000,769000,0.3,8030,A
368F676CFAE249A7B63D9784E030FBF3,Steel SAE 51414,SAE51414,0.15,1,1,0.04,0.03,12.5,1.88,0,0,0,0,0,0,0,0,0,0,1379,1034,15,415,200000,769000,0.3,8030,TT
0B4576C8E3494CA59998B37C43635B84,Steel SAE 51416,SAE51416,0.1,1.25,0.5,0.02,0.225,13,0,0,0,0,0,0,0,0,0,0,0,517,276,30,155,200000,769000,0.3,8030,A
DF6116BAEBB94C7CB67DC8A355A4AD9A,Steel SAE 51416,SAE51416,0.1,1.25,0.5,0.02,0.225,13,0,0,0,0,0,0,0,0,0,0,0,1310,1000,15,390,200000,769000,0.3,8030,TT
020644C15E8441C981E4E8FF82DD281C,Steel SAE 51420,SAE51420,0.3,0.5,0.5,0.02,0.015,13,0,0,0,0,0,0,0,0,0,0,0,655,345,25,195,200000,769000,0.3,8030,A
DFDD071158E2431C82CD795AB2DC3DC9,Steel SAE 51420,SAE51420,0.3,0.5,0.5,0.02,0.015,13,0,0,0,0,0,0,0,0,0,0,0,1586,1344,8,500,200000,769000,0.3,8030,TTT
B588F89B72494AD89979B5A898971A81,Steel SAE 51430,SAE51430,0.06,0.5,0.5,0.02,0.015,17,0,0,0,0,0,0,0,0,0,0,0,517,310,30,155,200000,769000,0.3,8030,A
D07DDC26D233420EA0F49B857B60E5F4,Steel SAE 51430F,SAE51430F,0.06,1,0.5,0.02,0.25,17,0,0,0,0,0,0,0,0,0,0,0,552,379,25,170,200000,769000,0.3,8030,A
DBB66391CD104B1EA25903F80285091D,Steel SAE 51431,SAE51431,0.15,0.75,0.5,0.02,0.015,16.25,2,0,0,0,0,0,0,0,0,0,0,862,655,20,260,200000,769000,0.3,8030,A
988683DFB80F4128A10413EB124AFC62,Steel SAE 51431,SAE51431,0.15,0.75,0.5,0.02,0.015,16.25,2,0,0,0,0,0,0,0,0,0,0,1413,1069,15,415,200000,769000,0.3,8030,TT
D970A9AC0D854EBB97207E5C6EB2D265,Steel SAE 51440A,SAE51440A,0.7,0.5,0.5,0.02,0.015,17,0,0,0,0,0,0,0,0,0,0,0,724,414,20,215,200000,769000,0.3,8030,A
C027925F385841D0AD1F968DEBCD254E,Steel SAE 51440A,SAE51440A,0.7,0.5,0.5,0.02,0.015,17,0,0,0,0,0,0,0,0,0,0,0,1793,1655,5,510,200000,769000,0.3,8030,TTT
FA49D603FF3347E4B5CC986E959A8EFC,Steel SAE 51440C,SAE51440C,1.1,0.5,0.5,0.02,0.015,17,0,0,0,0,0,0,0,0,0,0,0,758,448,13,230,200000,769000,0.3,8030,A
DBA461E8D56645BC9FF0B36FE711A2A2,Steel SAE 51440C,SAE51440C,1.1,0.5,0.5,0.02,0.015,17,0,0,0,0,0,0,0,0,0,0,0,1965,1896,2,580,200000,769000,0.3,8030,TTT
D23675EDD65E421BB310370F720AB7D0,Steel SAE 51446,SAE51446,0.175,0.75,0.5,0.02,0.015,25.5,0,0,0,0,0,0,0,0,0,0,0,552,345,23,170,200000,769000,0.3,8030,A
56F7E502ED9C4D97A0FE7DA3746354EA,Steel SAE 51501,SAE51501,0.1,1,1,0.04,0.03,5,0,0.525,0,0,0,0,0,0,0,0,0,483,207,28,160,200000,769000,0.3,8030,A
814DE2AA2A454B22AA6F8FC935716E8C,Steel SAE 51502,SAE51502,0.1,1,1,0.04,0.03,5,0,0.525,0,0,0,0,0,0,0,0,0,483,207,30,150,200000,769000,0.3,8030,A